Keyword,Name,Rating,Review_count,Price_range,Category,Address,Latitude,Longitude,Current_status,Next_status,Website,Scraped_at,Telephone,Tags,Detail_URL
"auto body shop Jersey City, NJ",Firestone Complete Auto Care,3.6,357,,Tire shop,185 Central Ave,40.7654397,-74.2304605,Open,Closes 7 PM,/aclk?sa=l&ai=DChcSEwjJ0snsgKSFAxWzXkcBHc3iBL0YABAAGgJxdQ&gclid=EAIaIQobChMIydLJ7ICkhQMVs15HAR3N4gS9EBAYASAAEgKPqvD_BwE&sig=AOD64_2YMNMcJvVF2joUVvbC2Ln95uU2YQ&adurl&q&ctype=99,2024-04-02 12:01:13,(973) 323-2413," 
In-store shopping
·
Curbside pickup
 
BOOK ONLINE",https://www.google.com/maps/place/Firestone+Complete+Auto+Care/data=!4m7!3m6!1s0x89c3ab4608269575:0xe5b589058e31d6a9!8m2!3d40.7654397!4d-74.2304605!16s%2Fg%2F1tdx9mzk!19sChIJdZUmCEarw4kRqdYxjgWJteU?authuser=0&hl=en&rclk=1
"auto body shop Jersey City, NJ",Jersey City Auto Body,4.4,39,,Auto body shop,21 Marcy Ave,40.723053,-74.089901,Open,Closes 5 PM,https://autobodyshopjerseycitynj.com/,2024-04-02 12:01:14,(201) 228-9787,,https://www.google.com/maps/place/Jersey+City+Auto+Body/data=!4m7!3m6!1s0x89c2513031f039a7:0x9abd0a26d092305!8m2!3d40.723053!4d-74.089901!16s%2Fg%2F1tp090sg!19sChIJpznwMTBRwokRBSMJbaLQqwk?authuser=0&hl=en&rclk=1
"auto body shop Jersey City, NJ",RAM Auto body,5.0,2,,Auto repair shop,182 Broadway,40.7378565,-74.0761067,Open,Closes 3 PM,,2024-04-02 12:01:15,(201) 772-1031,,https://www.google.com/maps/place/RAM+Auto+body/data=!4m7!3m6!1s0x89c257281055dffb:0xbc77f9e8ba196a78!8m2!3d40.7378565!4d-74.0761067!16s%2Fg%2F11f33q91lf!19sChIJ-99VEChXwokReGoZuuj5d7w?authuser=0&hl=en&rclk=1
"auto body shop Jersey City, NJ",Sip Auto Body Inc,3.4,38,,Auto body shop,280 Sip Ave,40.7328733,-74.0733846,Open,Closes 5 PM,http://www.sipautobody.com/,2024-04-02 12:01:16,(201) 434-0676,,https://www.google.com/maps/place/Sip+Auto+Body+Inc/data=!4m7!3m6!1s0x89c2572bd007974b:0x3cdcf3f003dffe1d!8m2!3d40.7328733!4d-74.0733846!16s%2Fg%2F1tdcx_m0!19sChIJS5cH0CtXwokRHf7fA_Dz3Dw?authuser=0&hl=en&rclk=1
"auto body shop Jersey City, NJ",Ziggy Auto Body,4.4,215,,Auto body shop,377 7th St,40.726621,-74.051285,Open,Closes 5 PM,http://ziggy-auto-repair.edan.io/,2024-04-02 12:01:17,(201) 792-1325,,https://www.google.com/maps/place/Ziggy+Auto+Body/data=!4m7!3m6!1s0x89c2574ae61ee1c7:0x5b126348db82ade4!8m2!3d40.726621!4d-74.051285!16s%2Fg%2F1tjypmqx!19sChIJx-Ee5kpXwokR5K2C20hjEls?authuser=0&hl=en&rclk=1
"auto body shop Jersey City, NJ",Diamond Auto Body,4.6,41,,Auto body shop,311 Grant Ave,40.7144703,-74.0892143,Open,Closes 5 PM,,2024-04-02 12:01:19,(201) 433-9429,,https://www.google.com/maps/place/Diamond+Auto+Body/data=!4m7!3m6!1s0x89c2513cca758a9b:0x9e2f04631817da0c!8m2!3d40.7144703!4d-74.0892143!16s%2Fg%2F1vxw9579!19sChIJm4p1yjxRwokRDNoXGGMEL54?authuser=0&hl=en&rclk=1
"auto body shop Jersey City, NJ",Sernio's Auto Body,4.3,186,,Auto body shop,896 Communipaw Ave,40.7226799,-74.08497,Open,Closes 5 PM,http://www.serniosautobody.com/,2024-04-02 12:01:20,(201) 795-1673,,https://www.google.com/maps/place/Sernio%27s+Auto+Body/data=!4m7!3m6!1s0x89c2512f1d155f5d:0x71af3c6c2643dea7!8m2!3d40.7226799!4d-74.08497!16s%2Fg%2F1tj9cxmf!19sChIJXV8VHS9RwokRp95DJmw8r3E?authuser=0&hl=en&rclk=1
"auto body shop Jersey City, NJ",B & R Auto Collision Repair,4.4,36,,Auto body shop,771 Communipaw Ave,40.7202301,-74.0800399,Open,Closes 6 PM,,2024-04-02 12:01:21,(201) 435-6383,,https://www.google.com/maps/place/B+%26+R+Auto+Collision+Repair/data=!4m7!3m6!1s0x89c251a30b8df35b:0x7ad7105d8cd1ad46!8m2!3d40.7202301!4d-74.0800399!16s%2Fg%2F11fm4hkqcf!19sChIJW_ONC6NRwokRRq3RjF0Q13o?authuser=0&hl=en&rclk=1
"auto body shop Jersey City, NJ",East Coast Collision Body Repair,4.6,247,,Auto body shop,781 Garfield Ave,40.7062608,-74.0739236,Open,Closes 5 PM,http://www.eastcoastcollision.net/,2024-04-02 12:01:22,(201) 433-7300,,https://www.google.com/maps/place/East+Coast+Collision+Body+Repair/data=!4m7!3m6!1s0x89c250e0fe156159:0xe7b043f5ee848972!8m2!3d40.7062608!4d-74.0739236!16s%2Fg%2F1tmpwwws!19sChIJWWEV_uBQwokRcomE7vVDsOc?authuser=0&hl=en&rclk=1
"auto body shop Jersey City, NJ",Centro Auto Body Inc,4.0,68,,Auto body shop,334 Hoboken Ave,40.7334519,-74.053855,Open now,,,2024-04-02 12:01:24,(201) 653-7753,,https://www.google.com/maps/place/Centro+Auto+Body+Inc/data=!4m7!3m6!1s0x89c25737d2209529:0xeda0365296e9b002!8m2!3d40.7334519!4d-74.053855!16s%2Fg%2F1tghqhcb!19sChIJKZUg0jdXwokRArDpllI2oO0?authuser=0&hl=en&rclk=1
"auto body shop Jersey City, NJ",Latin America Auto Body,4.5,74,,Auto body shop,112 Central Ave,40.7382931,-74.0542964,Open,Closes 5 PM,https://www.facebook.com/LandAAutoBody/,2024-04-02 12:01:25,(201) 420-1924,,https://www.google.com/maps/place/Latin+America+Auto+Body/data=!4m7!3m6!1s0x89c2575ba07e6a6f:0x313c15c3be372246!8m2!3d40.7382931!4d-74.0542964!16s%2Fg%2F1tgxvgbc!19sChIJb2p-oFtXwokRRiI3vsMVPDE?authuser=0&hl=en&rclk=1
"auto body shop Jersey City, NJ",King Auto Repair and Body Shop,5.0,5,,Auto body shop,1097 Garfield Ave,40.7155536,-74.0666824,Open,Closes 4:30 PM,,2024-04-02 12:01:26,(201) 333-0446,,https://www.google.com/maps/place/King+Auto+Repair+and+Body+Shop/data=!4m7!3m6!1s0x89c2510f0d1a5317:0x59493ebc01219f71!8m2!3d40.7155536!4d-74.0666824!16s%2Fg%2F11g18_grqn!19sChIJF1MaDQ9RwokRcZ8hAbw-SVk?authuser=0&hl=en&rclk=1
"auto body shop Jersey City, NJ",St Mark Auto Center,3.9,38,,Auto body shop,625 Communipaw Ave,40.7178047,-74.0741092,Open,Closes 6 PM,,2024-04-02 12:01:27,(201) 333-3338,,https://www.google.com/maps/place/St+Mark+Auto+Center/data=!4m7!3m6!1s0x89c250d9cd25208f:0x4e0994f9a79459e4!8m2!3d40.7178047!4d-74.0741092!16s%2Fg%2F1x5qtpk5!19sChIJjyAlzdlQwokR5FmUp_mUCU4?authuser=0&hl=en&rclk=1
"auto body shop Jersey City, NJ",Jose's kustoms,4.0,27,,Auto body shop,446 Ocean Ave,40.7015232,-74.0819317,Open,Closes 7:30 PM,,2024-04-02 12:01:28,(973) 517-5534,,https://www.google.com/maps/place/Jose%27s+kustoms/data=!4m7!3m6!1s0x89c2511ca1ee5c5d:0x789add8f861dd29!8m2!3d40.7015232!4d-74.0819317!16s%2Fg%2F11gdqmmg2k!19sChIJXVzuoRxRwokRKd1h-NitiQc?authuser=0&hl=en&rclk=1
"auto body shop Jersey City, NJ",Auto Collision Repair Center,No reviews,,,Auto body shop,66 Tuers Ave Apartment 3a,40.727077,-74.0655253,Open,Closes 5 PM,https://www.alphaautobodyrepair.com/,2024-04-02 12:01:30,(201) 322-5721,,https://www.google.com/maps/place/Auto+Collision+Repair+Center/data=!4m7!3m6!1s0x89c25100010d2083:0x50c2137a79c07b4!8m2!3d40.727077!4d-74.0655253!16s%2Fg%2F11vymy77cb!19sChIJgyANAQBRwokRtAecpzchDAU?authuser=0&hl=en&rclk=1
"auto body shop Jersey City, NJ",R&F Autobody Shop,4.0,5,,Auto repair shop,15-17 Brook St,40.7184344,-74.0546106,Open,Closes 5 PM,,2024-04-02 12:01:31,(201) 200-7037,,https://www.google.com/maps/place/R%26F+Autobody+Shop/data=!4m7!3m6!1s0x89c251f656c0af45:0x83d3c8758ebec090!8m2!3d40.7184344!4d-74.0546106!16s%2Fg%2F11jsbl0rg2!19sChIJRa_AVvZRwokRkMC-jnXI04M?authuser=0&hl=en&rclk=1
"auto body shop Jersey City, NJ",Sandy's Autobody,4.8,23,,Auto body shop,113 Seaview Ave,40.6920229,-74.0961683,Open,Closes 6 PM,,2024-04-02 12:01:32,(201) 413-0700,,https://www.google.com/maps/place/Sandy%27s+Autobody/data=!4m7!3m6!1s0x89c2510a7536a55b:0x382a36280ff9ec9a!8m2!3d40.6920229!4d-74.0961683!16s%2Fg%2F1tgcssx4!19sChIJW6U2dQpRwokRmuz5Dyg2Kjg?authuser=0&hl=en&rclk=1
"auto body shop Jersey City, NJ",Rabbit Auto body,4.9,8,,Auto body shop,487 Tonnelle Ave,40.7478924,-74.0616178,Open,Closes 6 PM,,2024-04-02 12:01:33,(201) 659-6869,,https://www.google.com/maps/place/Rabbit+Auto+body/data=!4m7!3m6!1s0x89c257eb33129b63:0xabcce481748ae871!8m2!3d40.7478924!4d-74.0616178!16s%2Fg%2F11fs7xlnmx!19sChIJY5sSM-tXwokRceiKdIHkzKs?authuser=0&hl=en&rclk=1
"auto body shop Jersey City, NJ",A & M Auto Shop,4.3,72,,Auto repair shop,373 6th St,40.725801,-74.0513325,Open,Closes 5:30 PM,https://amautoshop.com/,2024-04-02 12:01:35,(201) 795-5520,,https://www.google.com/maps/place/A+%26+M+Auto+Shop/data=!4m7!3m6!1s0x89c2574adbd248f1:0x98f05df782aca28!8m2!3d40.725801!4d-74.0513325!16s%2Fg%2F1v1sm43w!19sChIJ8UjS20pXwokRKMoqeN8Fjwk?authuser=0&hl=en&rclk=1
"auto body shop Jersey City, NJ",Tyson Auto Repair and Body Shop,4.5,55,,Auto repair shop,15 Tyson Ln,40.7182661,-74.0764822,Open,Closes 7 PM,,2024-04-02 12:01:36,(551) 242-3332,,https://www.google.com/maps/place/Tyson+Auto+Repair+and+Body+Shop/data=!4m7!3m6!1s0x89c251f25c766b9f:0x7132ff48258d9a4!8m2!3d40.7182661!4d-74.0764822!16s%2Fg%2F11r_t7sk7r!19sChIJn2t2XPJRwokRpNlYgvQvEwc?authuser=0&hl=en&rclk=1
"auto body shop Jersey City, NJ",Nirala Auto Repair,3.0,51,,Auto repair shop,461 Communipaw Ave,40.7144673,-74.066959,Open,Closes 5 PM,,2024-04-02 12:01:37,(201) 451-2300,,https://www.google.com/maps/place/Nirala+Auto+Repair/data=!4m7!3m6!1s0x89c250db19b7e8bb:0x5eb14a2d399e3d12!8m2!3d40.7144673!4d-74.066959!16s%2Fg%2F11c1sk2qbj!19sChIJu-i3GdtQwokREj2eOS1KsV4?authuser=0&hl=en&rclk=1
"auto body shop Jersey City, NJ",Lou's Auto Repair,4.1,28,,Auto body shop,700 Communipaw Ave,40.719204,-74.076725,Open,Closes 7 PM,,2024-04-02 12:01:40,(201) 332-0105,,https://www.google.com/maps/place/Lou%27s+Auto+Repair/data=!4m7!3m6!1s0x89c250d7febbee83:0x4b41bcf4885c6d61!8m2!3d40.719204!4d-74.076725!16s%2Fg%2F1vvyy_7n!19sChIJg-67_tdQwokRYW1ciPS8QUs?authuser=0&hl=en&rclk=1
"auto body shop Jersey City, NJ",God First Auto Body And Repair,4.4,210,,Auto body shop,835 Communipaw Ave,40.7213783,-74.0828399,Open,Closes 6 PM,http://www.godfirstautoservices.com/,2024-04-02 12:01:41,(201) 938-2886,,https://www.google.com/maps/place/God+First+Auto+Body+And+Repair/data=!4m7!3m6!1s0x89c25125b7cad7df:0xf3e965d84f78eff0!8m2!3d40.7213783!4d-74.0828399!16s%2Fg%2F11f6566j3s!19sChIJ39fKtyVRwokR8O94T9hl6fM?authuser=0&hl=en&rclk=1
"auto body shop Jersey City, NJ",D & J Auto Repair,4.4,57,,Auto repair shop,148 Central Ave,40.7397459,-74.053414,Open,Closes 6:30 PM,,2024-04-02 12:01:42,(201) 792-7243,,https://www.google.com/maps/place/D+%26+J+Auto+Repair/data=!4m7!3m6!1s0x89c25738a8115a07:0xb88784f23f4322af!8m2!3d40.7397459!4d-74.053414!16s%2Fg%2F1vxvjs3k!19sChIJB1oRqDhXwokRryJDP_KEh7g?authuser=0&hl=en&rclk=1
"auto body shop Jersey City, NJ",Plaza Auto Body Inc.,5.0,21,,Auto body shop,700 Tonnelle Ave,40.7538348,-74.0561396,Open,Closes 5 PM,https://www.facebook.com/PlazaAutoBodyJc,2024-04-02 12:01:43,(201) 222-3050,,https://www.google.com/maps/place/Plaza+Auto+Body+Inc./data=!4m7!3m6!1s0x89c25712f44c2083:0xbd8092d447d8301b!8m2!3d40.7538348!4d-74.0561396!16s%2Fg%2F1tr7k987!19sChIJgyBM9BJXwokRGzDYR9SSgL0?authuser=0&hl=en&rclk=1
"auto body shop Jersey City, NJ",Ranero's Autobody,4.7,23,,Auto body shop,569 Ocean Ave,40.7057526,-74.0786978,Open now,,,2024-04-02 12:01:45,(201) 536-0900,,https://www.google.com/maps/place/Ranero%27s+Autobody/data=!4m7!3m6!1s0x89c2511e4089d179:0x82dd1d54dfff0258!8m2!3d40.7057526!4d-74.0786978!16s%2Fg%2F1tjgqhd2!19sChIJedGJQB5RwokRWAL_31Qd3YI?authuser=0&hl=en&rclk=1
"auto body shop Jersey City, NJ",B & R Auto Body,3.2,13,,Auto body shop,18 Bayview Ave,40.7031191,-74.0770117,Open 24 hours,,,2024-04-02 12:01:46,(201) 433-2899,,https://www.google.com/maps/place/B+%26+R+Auto+Body/data=!4m7!3m6!1s0x89c2511d8ac94571:0xca8b57f58157a0c6!8m2!3d40.7031191!4d-74.0770117!16s%2Fg%2F1tdry6qp!19sChIJcUXJih1RwokRxqBXgfVXi8o?authuser=0&hl=en&rclk=1
"auto body shop Jersey City, NJ",RENDIES Auto Repair,4.3,26,,Auto repair shop,458 Tonnelle Ave,40.7467338,-74.0616834,Open,Closes 6 PM,,2024-04-02 12:01:47,(201) 653-3585,,https://www.google.com/maps/place/RENDIES+Auto+Repair/data=!4m7!3m6!1s0x89c257162917ad95:0x1d49badb786153f8!8m2!3d40.7467338!4d-74.0616834!16s%2Fg%2F1w1132l5!19sChIJla0XKRZXwokR-FNheNu6SR0?authuser=0&hl=en&rclk=1
"auto body shop Jersey City, NJ",J G Auto Repair,4.8,81,,Auto repair shop,89 Fleet St,40.734948,-74.055918,Open,Closes 5 PM,,2024-04-02 12:01:48,(201) 963-8414,,https://www.google.com/maps/place/J+G+Auto+Repair/data=!4m7!3m6!1s0x89c257379add08eb:0x90be996ed0c0905d!8m2!3d40.734948!4d-74.055918!16s%2Fg%2F1260j__8z!19sChIJ6wjdmjdXwokRXZDA0G6ZvpA?authuser=0&hl=en&rclk=1
"auto body shop Jersey City, NJ",Dings Auto Services,4.4,49,,Auto repair shop,1780 John F. Kennedy Blvd,40.7011224,-74.0927112,Open,Closes 5:30 PM,,2024-04-02 12:01:50,(201) 333-1211,,https://www.google.com/maps/place/Dings+Auto+Services/data=!4m7!3m6!1s0x89c2510e21027603:0x3e024f0c8780d08e!8m2!3d40.7011224!4d-74.0927112!16s%2Fg%2F1tfscrtt!19sChIJA3YCIQ5RwokRjtCAhwxPAj4?authuser=0&hl=en&rclk=1
"auto body shop Jersey City, NJ","Tonnelle Auto Repair, LLC",4.7,47,,Auto repair shop,505 Tonnelle Ave,40.7483474,-74.0615817,Open,Closes 6 PM,,2024-04-02 12:01:51,(201) 963-5831,,"https://www.google.com/maps/place/Tonnelle+Auto+Repair,+LLC/data=!4m7!3m6!1s0x89c2571644a8dfc7:0x67844d759a03293a!8m2!3d40.7483474!4d-74.0615817!16s%2Fg%2F1tx47z7c!19sChIJx9-oRBZXwokROikDmnVNhGc?authuser=0&hl=en&rclk=1"
"auto body shop Jersey City, NJ",Statewide Auto Body Shop Inc,No reviews,,,Auto body shop,311 Grant Ave,40.7144182,-74.0891935,Open,Closes 5:30 PM,,2024-04-02 12:01:52,(201) 451-1111,,https://www.google.com/maps/place/Statewide+Auto+Body+Shop+Inc/data=!4m7!3m6!1s0x89c25123de9659a7:0xb3ddca696baad948!8m2!3d40.7144182!4d-74.0891935!16s%2Fg%2F1tg_bd98!19sChIJp1mW3iNRwokRSNmqa2nK3bM?authuser=0&hl=en&rclk=1
"auto body shop Jersey City, NJ",J&K Auto Repair,4.6,14,,Auto repair shop,,40.7129204,-74.0820259,Open,Closes 5:30 PM,,2024-04-02 12:01:53,(201) 915-9700,,https://www.google.com/maps/place/J%26K+Auto+Repair/data=!4m7!3m6!1s0x89c251216fd7201d:0x3fd87cd78c529d9c!8m2!3d40.7129204!4d-74.0820259!16s%2Fg%2F11f122ld3c!19sChIJHSDXbyFRwokRnJ1SjNd82D8?authuser=0&hl=en&rclk=1
"auto body shop Jersey City, NJ",Chariot Auto Repair,4.4,239,,Auto repair shop,71 Coles St,40.7245099,-74.0474702,Open,Closes 6 PM,https://www.autorepairjerseycity.com/,2024-04-02 12:01:55,(201) 824-3352,,https://www.google.com/maps/place/Chariot+Auto+Repair/data=!4m7!3m6!1s0x89c250b3546f6d71:0x4221afcddbfa4b76!8m2!3d40.7245099!4d-74.0474702!16s%2Fg%2F1hc1lkwmv!19sChIJcW1vVLNQwokRdkv6282vIUI?authuser=0&hl=en&rclk=1
"auto body shop Jersey City, NJ",Mike's Auto Service,4.2,39,,Auto repair shop,850 Communipaw Ave,40.7218504,-74.0830431,Open,Closes 7 PM,http://www.mikesautonynj.com/,2024-04-02 12:01:56,(201) 706-2203,,https://www.google.com/maps/place/Mike%27s+Auto+Service/data=!4m7!3m6!1s0x89c2512f31f775e5:0x988f4e4b8c64bd73!8m2!3d40.7218504!4d-74.0830431!16s%2Fg%2F11bxjpbf_9!19sChIJ5XX3MS9RwokRc71kjEtOj5g?authuser=0&hl=en&rclk=1
"auto body shop Jersey City, NJ",A & L Auto Body,4.1,52,,Auto body shop,480 - 486 Tonnelle Ave,40.7473739,-74.0612455,Open 24 hours,,,2024-04-02 12:01:57,(201) 792-4606,,https://www.google.com/maps/place/A+%26+L+Auto+Body/data=!4m7!3m6!1s0x89c2574acc123095:0xf9a988cf82315fbc!8m2!3d40.7473739!4d-74.0612455!16s%2Fg%2F1tf2yq87!19sChIJlTASzEpXwokRvF8xgs-Iqfk?authuser=0&hl=en&rclk=1
"auto body shop Jersey City, NJ",Rendies Refinishing,4.1,62,,Auto body shop,516 Tonnelle Ave,40.748701,-74.060493,Open,Closes 6 PM,,2024-04-02 12:01:58,(201) 653-3585,,https://www.google.com/maps/place/Rendies+Refinishing/data=!4m7!3m6!1s0x89c2571646c9ed01:0x169ab5cffbb604a3!8m2!3d40.748701!4d-74.060493!16s%2Fg%2F1tftg6t1!19sChIJAe3JRhZXwokRowS2-8-1mhY?authuser=0&hl=en&rclk=1
"auto body shop Jersey City, NJ",Pica's Automotive Service Center Inc,4.0,59,,Auto repair shop,90 NJ-139,40.7367454,-74.0581012,Open,Closes 5:30 PM,,2024-04-02 12:02:00,(201) 798-5566,,https://www.google.com/maps/place/Pica%27s+Automotive+Service+Center+Inc/data=!4m7!3m6!1s0x89c3b5e8cec5ea13:0x76e3cd2c9deb905b!8m2!3d40.7367454!4d-74.0581012!16s%2Fg%2F1tnmsnxn!19sChIJE-rFzui1w4kRW5DrnSzN43Y?authuser=0&hl=en&rclk=1
"auto body shop Jersey City, NJ",Hoyos Auto Repair,4.3,113,,Auto repair shop,532 Mercer St,40.726047,-74.0655638,Open,Closes 6 PM,,2024-04-02 12:02:01,(201) 435-0635,,https://www.google.com/maps/place/Hoyos+Auto+Repair/data=!4m7!3m6!1s0x89c250d29ebaedb5:0xeb93eaf28eadd1ad!8m2!3d40.726047!4d-74.0655638!16s%2Fg%2F1260j_cr3!19sChIJte26ntJQwokRrdGtjvLqk-s?authuser=0&hl=en&rclk=1
"auto body shop Jersey City, NJ",Ramzi Auto Repair,4.3,57,,Auto repair shop,3375 John F. Kennedy Blvd,40.7476944,-74.0565187,Open,Closes 6 PM,,2024-04-02 12:02:02,(201) 420-6565,,https://www.google.com/maps/place/Ramzi+Auto+Repair/data=!4m7!3m6!1s0x89c2578d7cbd47df:0x52501be32c79b7cb!8m2!3d40.7476944!4d-74.0565187!16s%2Fg%2F11sdzbzkkd!19sChIJ30e9fI1XwokRy7d5LOMbUFI?authuser=0&hl=en&rclk=1
"auto body shop Jersey City, NJ",Santos Auto Repair,4.8,24,,Auto repair shop,126 Logan Ave,40.7346146,-74.0775148,Open now,,,2024-04-02 12:02:03,,,https://www.google.com/maps/place/Santos+Auto+Repair/data=!4m7!3m6!1s0x89c256d6056bb591:0x6d934f8d263cb66!8m2!3d40.7346146!4d-74.0775148!16s%2Fg%2F1tfcd2gn!19sChIJkbVrBdZWwokRZstj0vg02QY?authuser=0&hl=en&rclk=1
"auto body shop Jersey City, NJ",Chapel Automotive Diagnostics,4.9,227,,Auto repair shop,270 Chapel Ave,40.69815,-74.08759,Open,Closes 6 PM,https://www.chapelautomotivediagnostics.com/,2024-04-02 12:02:05,(201) 360-0104," 
""Small shop but they give you your money's worth trustworthy mechanics""",https://www.google.com/maps/place/Chapel+Automotive+Diagnostics/data=!4m7!3m6!1s0x89c251059c394575:0x31ded5874fa0a865!8m2!3d40.69815!4d-74.08759!16s%2Fg%2F1262y4697!19sChIJdUU5nAVRwokRZaigT4fV3jE?authuser=0&hl=en&rclk=1
"auto body shop Jersey City, NJ",Zayden’s Auto Repair Services,4.3,104,,Auto repair shop,458 Tonnelle Ave,40.7466985,-74.0614617,Open,Closes 6 PM,https://zaydens-auto-repair-services.business.site/,2024-04-02 12:02:07,(201) 222-6161," 
""Great shop and nice prices, with good customer service too👍🏽👍🏽""",https://www.google.com/maps/place/Zayden%E2%80%99s+Auto+Repair+Services/data=!4m7!3m6!1s0x89c257ad3f0e4aa5:0xacebd16abd34463c!8m2!3d40.7466985!4d-74.0614617!16s%2Fg%2F11gjt873yy!19sChIJpUoOP61XwokRPEY0vWrR66w?authuser=0&hl=en&rclk=1
"auto body shop Jersey City, NJ",West Side Automotive,4.5,30,,Auto repair shop,396 West Side Ave,40.7150097,-74.0872993,Open,Closes 6 PM,,2024-04-02 12:02:08,(201) 451-6739," 
""Very good shop they know what they're doing keep up the good work""",https://www.google.com/maps/place/West+Side+Automotive/data=!4m7!3m6!1s0x89c2512348b8ab9f:0x21d8f4cc9a72b91f!8m2!3d40.7150097!4d-74.0872993!16s%2Fg%2F1tf_p6br!19sChIJn6u4SCNRwokRH7lymsz02CE?authuser=0&hl=en&rclk=1
"auto body shop Jersey City, NJ",Basoekie Auto Repair Inc,3.5,6,,Auto repair shop,76 Fisk St,40.7144775,-74.09375,,,,2024-04-02 12:02:09,,,https://www.google.com/maps/place/Basoekie+Auto+Repair+Inc/data=!4m7!3m6!1s0x89c2513e9c38cbd7:0xad4d3cfa5a7b8e88!8m2!3d40.7144775!4d-74.09375!16s%2Fg%2F1hc440_l4!19sChIJ18s4nD5RwokRiI57Wvo8Ta0?authuser=0&hl=en&rclk=1
"auto body shop Jersey City, NJ",Carlito's Auto Repair,4.1,16,,Auto repair shop,311 Bergen Ave,40.7129276,-74.0820592,Open 24 hours,,,2024-04-02 12:02:10,(201) 915-9700,,https://www.google.com/maps/place/Carlito%27s+Auto+Repair/data=!4m7!3m6!1s0x89c2512171f67227:0x441da22569b2742a!8m2!3d40.7129276!4d-74.0820592!16s%2Fg%2F1tcw92lw!19sChIJJ3L2cSFRwokRKnSyaSWiHUQ?authuser=0&hl=en&rclk=1
"auto body shop Jersey City, NJ",Adel's Auto Repair Inc,4.7,12,,Auto repair shop,781 Communipaw Ave,40.7203851,-74.0803952,,,,2024-04-02 12:02:11,," 
""They are the most reliable shop for honesty.""",https://www.google.com/maps/place/Adel%27s+Auto+Repair+Inc/data=!4m7!3m6!1s0x89c251288c17c1e7:0xdc6bb31afd1656c5!8m2!3d40.7203851!4d-74.0803952!16s%2Fg%2F1thq1m7n!19sChIJ58EXjChRwokRxVYW_Rqza9w?authuser=0&hl=en&rclk=1
"auto body shop Jersey City, NJ",G & T Auto Imports,4.8,158,,Auto repair shop,772 Communipaw Ave,40.7205255,-74.0801165,Open,Closes 5 PM,https://www.facebook.com/G-T-Auto-Imports-167489263267994/,2024-04-02 12:02:13,(201) 434-0197," 
""Really happy I went here and will definitely be my go-to shop from now on!""",https://www.google.com/maps/place/G+%26+T+Auto+Imports/data=!4m7!3m6!1s0x89c251288af7a447:0x5a6970be73291486!8m2!3d40.7205255!4d-74.0801165!16s%2Fg%2F1vnrly5w!19sChIJR6T3iihRwokRhhQpc75waVo?authuser=0&hl=en&rclk=1
"auto body shop Jersey City, NJ",Summit Automotive Corporation,4.8,79,,Auto repair shop,475 Pavonia Ave,40.7296507,-74.0560404,Open,Closes 5 PM,,2024-04-02 12:02:14,(201) 659-5872," 
""Had a really positive experience with this shop.""",https://www.google.com/maps/place/Summit+Automotive+Corporation/data=!4m7!3m6!1s0x89c25735b63eb147:0xaf47427c0f41e129!8m2!3d40.7296507!4d-74.0560404!16s%2Fg%2F1tdr46qy!19sChIJR7E-tjVXwokRKeFBD3xCR68?authuser=0&hl=en&rclk=1
"auto body shop Jersey City, NJ",American Body Work & Collision,4.7,22,,Auto body shop,487 Tonnelle Ave,40.7478803,-74.0616056,,,,2024-04-02 12:02:15,," 
""I went to 5 different body shops in JC for an estimate.""",https://www.google.com/maps/place/American+Body+Work+%26+Collision/data=!4m7!3m6!1s0x89c257164794abd3:0xadd3c5ada21a3898!8m2!3d40.7478803!4d-74.0616056!16s%2Fg%2F1tm8fx4q!19sChIJ06uURxZXwokRmDgaoq3F060?authuser=0&hl=en&rclk=1
"auto body shop Jersey City, NJ",Punjab Auto Repair,4.2,121,,Auto repair shop,23 Brook St,40.7185768,-74.0549308,Temporarily closed,,,2024-04-02 12:02:16,(201) 239-0600,,https://www.google.com/maps/place/Punjab+Auto+Repair/data=!4m7!3m6!1s0x89c2574a9312368d:0xaa1ee595c317ae22!8m2!3d40.7185768!4d-74.0549308!16s%2Fg%2F11bc7nsn62!19sChIJjTYSk0pXwokRIq4Xw5XlHqo?authuser=0&hl=en&rclk=1
